patient_id,ordered_at,medication,dose,route,frequency,status
patient-6536619c-6c5a-5706-8f73-1bdcb49f4491,2026-01-01T08:00:00Z,ceftriaxone,1 g,intravenous,daily,active
patient-6536619c-6c5a-5706-8f73-1bdcb49f4491,2026-01-01T09:00:00Z,atorvastatin,20 mg,oral,nightly,active
patient-ede48b7d-6ae2-509e-877a-db0f3e69db1b,2026-01-01T08:00:00Z,atorvastatin,20 mg,oral,nightly,completed
patient-ede48b7d-6ae2-509e-877a-db0f3e69db1b,2026-01-01T09:00:00Z,lisinopril,10 mg,oral,daily,completed
patient-ede48b7d-6ae2-509e-877a-db0f3e69db1b,2026-01-01T10:00:00Z,ceftriaxone,1 g,intravenous,daily,completed
patient-882614bf-5c8c-57cc-87ce-f1faac2510ce,2026-01-01T08:00:00Z,atorvastatin,20 mg,oral,nightly,active
patient-882614bf-5c8c-57cc-87ce-f1faac2510ce,2026-01-01T09:00:00Z,lisinopril,10 mg,oral,daily,active
patient-882614bf-5c8c-57cc-87ce-f1faac2510ce,2026-01-01T10:00:00Z,acetaminophen,650 mg,oral,every 6 hours as needed,active
patient-882614bf-5c8c-57cc-87ce-f1faac2510ce,2026-01-01T11:00:00Z,albuterol inhaler,90 mcg,inhaled,as needed,active
